,x,y,target
0,40.049973,15.808038,comp.graphics
1,-33.0123,-20.0719,talk.religion.misc
2,10.261343,-4.6565356,sci.space
3,-30.968407,-0.677855,alt.atheism
4,21.985703,-30.528942,sci.space
5,-42.292328,18.944595,alt.atheism
6,8.938631,-11.030296,sci.space
7,26.117712,5.9509153,comp.graphics
8,17.860481,-49.05704,sci.space
9,21.093367,25.801432,comp.graphics
10,8.537781,-43.08974,sci.space
11,30.219683,28.603539,comp.graphics
12,9.044211,22.508629,comp.graphics
13,20.971252,-32.973267,sci.space
14,47.229797,24.582327,comp.graphics
15,12.708351,-35.75372,sci.space
16,-61.331165,-10.262967,alt.atheism
17,0.6026948,-31.399605,sci.space
18,15.560469,-47.098385,sci.space
19,-10.036843,-6.0782275,talk.religion.misc
20,10.343578,-46.323658,sci.space
21,24.998955,5.088287,comp.graphics
22,-15.592563,-7.488199,talk.religion.misc
23,-43.084095,-4.154698,talk.religion.misc
24,35.80495,4.077292,comp.graphics
25,41.086285,21.716015,comp.graphics
26,23.615921,-35.373417,sci.space
27,35.012688,19.485777,comp.graphics
28,20.256079,-25.36117,sci.space
29,-21.209028,9.791696,talk.religion.misc
30,-17.649584,36.568176,alt.atheism
31,-41.155254,-21.433401,talk.religion.misc
32,53.157238,13.68985,comp.graphics
33,54.67397,4.705717,comp.graphics
34,-49.91303,37.557793,alt.atheism
35,17.529366,-24.59667,sci.space
36,-27.450834,16.855488,alt.atheism
37,9.105341,24.356936,comp.graphics
38,-45.691433,-20.105495,alt.atheism
39,2.7878835,-40.354683,sci.space
40,-14.225844,4.7825165,alt.atheism
41,6.8137045,-42.153194,sci.space
42,-49.16095,31.114737,alt.atheism
43,24.447653,24.663052,comp.graphics
44,33.244797,27.80608,comp.graphics
45,-40.953526,28.252851,alt.atheism
46,-62.041553,-7.109445,alt.atheism
47,-57.572575,-17.29278,talk.religion.misc
48,-21.810335,0.83056194,talk.religion.misc
49,-31.421095,-1.1385248,talk.religion.misc
50,41.933197,-0.64820355,comp.graphics
51,2.0152495,-16.398245,sci.space
52,-42.29902,-22.829748,talk.religion.misc
53,18.348465,20.910427,sci.space
54,35.9712,29.015167,comp.graphics
55,-44.168705,-3.8955631,alt.atheism
56,19.81516,23.055023,comp.graphics
57,18.020706,18.81818,comp.graphics
58,28.037334,24.332794,comp.graphics
59,29.966318,18.702164,comp.graphics
60,8.026319,-50.420406,sci.space
61,-27.221119,-14.69789,alt.atheism
62,39.512066,30.156542,comp.graphics
63,35.094383,14.895373,comp.graphics
64,19.717304,-11.445374,sci.space
65,21.193237,-2.8583148,comp.graphics
66,20.081629,-45.10425,sci.space
67,-45.513893,28.677732,alt.atheism
68,31.469126,14.097299,comp.graphics
69,-35.943092,20.758127,talk.religion.misc
70,26.8807,23.934135,comp.graphics
71,11.1936655,-9.084953,sci.space
72,13.034947,-17.01357,sci.space
73,62.94968,14.5677395,comp.graphics
74,16.432621,-31.10481,sci.space
75,48.538128,26.843712,comp.graphics
76,-45.374775,-17.38306,alt.atheism
77,-44.45703,2.55449,alt.atheism
78,9.707628,-53.09356,sci.space
79,43.671204,1.982043,comp.graphics
80,-41.32237,-18.956656,talk.religion.misc
81,-42.127865,32.23918,talk.religion.misc
82,-60.078346,-6.16067,alt.atheism
83,-42.268745,-8.541068,talk.religion.misc
84,7.2210264,-0.15589494,sci.space
85,11.928629,-22.848011,sci.space
86,-40.704235,5.02291,alt.atheism
87,4.6603827,23.910908,sci.space
88,-36.88072,3.5055115,alt.atheism
89,-39.871704,21.463171,talk.religion.misc
90,25.998121,9.071852,comp.graphics
91,-40.65789,-26.482014,talk.religion.misc
92,-42.475582,38.58644,alt.atheism
93,0.4651865,-3.3371866,sci.space
94,-17.760221,35.007317,alt.atheism
95,-36.64873,-8.189965,talk.religion.misc
96,-45.108875,27.855583,alt.atheism
97,-23.382612,-2.6043293,talk.religion.misc
98,5.6528707,-44.00539,sci.space
99,12.570181,-46.30826,sci.space
100,-62.371475,-11.798698,alt.atheism
101,-27.210375,17.738857,alt.atheism
102,2.9628963,-17.800013,talk.religion.misc
103,3.0840473,-31.126047,sci.space
104,-0.02988607,4.2905307,talk.religion.misc
105,6.255309,-32.78716,sci.space
106,4.897476,-35.632385,sci.space
107,53.233704,9.332803,comp.graphics
108,-37.940376,8.254821,alt.atheism
109,19.507881,-31.839775,sci.space
110,-30.816643,-2.3280919,talk.religion.misc
111,-33.81728,13.533572,talk.religion.misc
112,17.253704,-45.470554,sci.space
113,7.201983,-8.686162,sci.space
114,19.520237,-35.76959,sci.space
115,8.389136,-48.70098,sci.space
116,-18.965488,9.094691,talk.religion.misc
117,29.707558,19.81322,comp.graphics
118,-40.56067,-20.782717,talk.religion.misc
119,-60.548798,-9.548538,alt.atheism
120,-41.14638,25.809622,alt.atheism
121,-33.059853,-14.697203,talk.religion.misc
122,27.535671,6.167241,comp.graphics
123,5.0451417,-20.621267,sci.space
124,7.2346697,-34.00047,sci.space
125,-45.92325,-15.293262,alt.atheism
126,21.962112,-19.92072,sci.space
127,-57.970917,-9.63344,talk.religion.misc
128,-30.563942,14.139686,alt.atheism
129,5.773465,-46.3632,sci.space
130,26.737818,7.9170237,comp.graphics
131,31.883165,-28.392332,sci.space
132,5.0384502,-2.8931525,sci.space
133,-26.958857,-12.6551285,talk.religion.misc
134,20.50867,15.362827,comp.graphics
135,9.539837,23.701275,comp.graphics
136,-21.377142,-10.392946,talk.religion.misc
137,-41.522552,30.647177,alt.atheism
138,21.571373,-17.496222,sci.space
139,4.87218,-44.36461,sci.space
140,-38.46854,0.82271826,talk.religion.misc
141,51.461933,0.7681642,comp.graphics
142,-18.652607,33.371597,alt.atheism
143,19.64749,-2.7638004,sci.space
144,3.6861682,-51.417316,sci.space
145,-43.76952,40.256298,alt.atheism
146,-42.782158,39.36643,alt.atheism
147,45.388817,31.513432,comp.graphics
148,7.2323675,-50.045788,sci.space
149,-48.184727,4.460044,alt.atheism
150,-44.941425,43.38502,alt.atheism
151,49.66201,9.098929,comp.graphics
152,16.119064,0.19163354,comp.graphics
153,24.024498,25.121761,comp.graphics
154,-57.457195,-12.807217,talk.religion.misc
155,-41.018517,0.92349434,talk.religion.misc
156,-37.0366,-20.065762,talk.religion.misc
157,-25.749794,14.702603,talk.religion.misc
158,-49.430187,2.8658159,talk.religion.misc
159,29.547802,17.216927,comp.graphics
160,27.076769,-28.678392,sci.space
161,-2.7660356,-18.30025,sci.space
162,29.311659,-29.482021,sci.space
163,44.923843,16.171778,comp.graphics
164,11.786446,-41.054283,sci.space
165,10.045874,-8.840706,sci.space
166,40.80951,4.7435718,comp.graphics
167,-58.278263,-18.095203,talk.religion.misc
168,14.446327,-57.444023,sci.space
169,-7.1447773,-0.9363084,alt.atheism
170,-13.198445,-8.907524,talk.religion.misc
171,-34.329098,-3.8682115,talk.religion.misc
172,5.576584,-31.575527,sci.space
173,41.90493,-1.8938257,comp.graphics
174,52.00591,11.58907,comp.graphics
175,-18.26031,34.087925,alt.atheism
176,-39.817535,4.671903,alt.atheism
177,-39.197502,-7.2255816,talk.religion.misc
178,6.324522,-0.9423949,sci.space
179,5.3549333,-31.795038,sci.space
180,-23.699778,8.590088,talk.religion.misc
181,-13.954666,-6.056218,talk.religion.misc
182,-56.122307,-5.631708,alt.atheism
183,10.08417,-40.938755,sci.space
184,54.48357,18.587042,comp.graphics
185,54.550743,2.74134,comp.graphics
186,4.935776,-29.22828,sci.space
187,49.052765,3.0134609,comp.graphics
188,56.884808,2.8268433,comp.graphics
189,-41.772663,28.479944,alt.atheism
190,-26.636927,7.0416718,alt.atheism
191,47.656837,14.776455,comp.graphics
192,-43.405876,17.345024,alt.atheism
193,50.507294,9.863016,comp.graphics
194,-20.56077,7.532629,talk.religion.misc
195,31.70417,32.97507,comp.graphics
196,-21.473871,25.465052,alt.atheism
197,-42.67203,32.293037,alt.atheism
198,-21.858665,-7.9265943,talk.religion.misc
199,15.442456,-56.399635,sci.space
200,-37.37064,-20.244991,talk.religion.misc
201,-40.116478,-23.670975,talk.religion.misc
202,-7.3988743,-37.412643,alt.atheism
203,15.43916,-36.092834,sci.space
204,-35.084084,-12.52363,talk.religion.misc
205,55.99039,10.349035,comp.graphics
206,39.544537,0.6829698,comp.graphics
207,41.760777,12.88654,comp.graphics
208,-63.53031,-6.22344,alt.atheism
209,-23.047115,22.04665,sci.space
210,-30.660557,3.9189284,alt.atheism
211,25.594093,-29.019949,sci.space
212,-28.825546,3.2907438,alt.atheism
213,-42.988544,40.040863,alt.atheism
214,24.27616,23.097746,comp.graphics
215,34.063244,24.293715,comp.graphics
216,-13.118497,4.786638,talk.religion.misc
217,-65.87474,-12.869667,sci.space
218,-31.154596,3.744246,alt.atheism
219,-32.715603,9.879599,alt.atheism
220,53.006817,10.043506,comp.graphics
221,-49.265152,37.43188,alt.atheism
222,21.997042,-12.7926445,sci.space
223,3.681484,2.034599,sci.space
224,-0.15635702,-32.83779,sci.space
225,-48.528965,36.21915,alt.atheism
226,9.178693,20.931643,comp.graphics
227,-21.465641,-3.1241527,talk.religion.misc
228,3.8071475,4.0160403,sci.space
229,-62.41887,-15.121221,alt.atheism
230,27.46835,29.302021,comp.graphics
231,-27.431656,3.889167,alt.atheism
232,44.61617,21.863111,comp.graphics
233,-18.7614,34.89314,alt.atheism
234,21.324732,-41.046314,sci.space
235,-53.948532,-9.122661,talk.religion.misc
236,11.695694,-9.14707,sci.space
237,9.204456,-20.774155,sci.space
238,2.9131088,-4.4447026,comp.graphics
239,44.087635,30.327627,comp.graphics
240,41.769535,5.2275157,comp.graphics
241,-25.951359,-6.475825,talk.religion.misc
242,-25.489307,6.239844,alt.atheism
243,-52.569958,4.1300573,alt.atheism
244,-19.918423,-0.8762389,talk.religion.misc
245,-43.026825,37.068836,alt.atheism
246,-38.675728,-26.15903,talk.religion.misc
247,19.904537,21.393064,comp.graphics
248,-43.40375,-5.1791496,talk.religion.misc
249,19.065844,-37.208946,sci.space
250,0.88922226,-24.040922,sci.space
251,-1.2326057,-2.2953784,talk.religion.misc
252,-52.250927,4.7293267,talk.religion.misc
253,-36.555695,20.89121,talk.religion.misc
254,40.071404,5.4508924,comp.graphics
255,6.5230455,-14.6608095,sci.space
256,-56.002983,-11.191016,talk.religion.misc
257,-47.02627,37.090202,alt.atheism
258,20.101183,-37.913185,sci.space
259,45.160503,13.810136,comp.graphics
260,-46.232834,6.1898108,talk.religion.misc
261,-23.060284,-5.658993,alt.atheism
262,15.879752,-15.572683,sci.space
263,5.3101673,1.8094447,comp.graphics
264,-50.8033,-8.706965,talk.religion.misc
265,63.05078,11.864222,comp.graphics
266,-57.203903,-8.773426,alt.atheism
267,8.3509655,-17.691204,sci.space
268,16.099169,24.157417,comp.graphics
269,16.211065,-0.13062476,sci.space
270,12.152224,-23.986317,sci.space
271,16.690252,12.494267,talk.religion.misc
272,-64.09073,-5.926821,alt.atheism
273,5.2945766,21.924337,talk.religion.misc
274,-33.303528,-3.1363754,talk.religion.misc
275,2.8086855,1.7241783,sci.space
276,-28.938541,13.731814,talk.religion.misc
277,54.852062,2.3893888,comp.graphics
278,-34.017902,18.215092,alt.atheism
279,-41.913246,3.1625555,alt.atheism
280,4.1869483,-4.0625043,sci.space
281,57.453987,3.8214025,comp.graphics
282,-48.6121,37.867203,alt.atheism
283,48.017418,17.933065,comp.graphics
284,-13.630851,-5.685751,talk.religion.misc
285,2.1096947,-48.87237,sci.space
286,9.028381,-17.08518,sci.space
287,-39.315945,2.0661914,alt.atheism
288,16.718323,18.117792,sci.space
289,21.52003,-41.49456,sci.space
290,56.890064,17.346985,comp.graphics
291,35.97033,31.416273,comp.graphics
292,-60.464203,-18.10386,talk.religion.misc
293,17.898462,-9.1851635,sci.space
294,-32.139324,9.864613,alt.atheism
295,5.6078753,8.116202,sci.space
296,-57.562088,-10.702077,alt.atheism
297,51.780872,8.22046,comp.graphics
298,-5.3759947,-2.4013085,talk.religion.misc
299,-0.9204183,3.9512382,sci.space
300,-30.305008,12.736369,talk.religion.misc
301,43.64808,23.950674,comp.graphics
302,-34.24151,-19.734367,talk.religion.misc
303,15.363315,-55.069035,sci.space
304,22.16497,-33.71267,sci.space
305,36.55886,18.22462,comp.graphics
306,-45.699112,42.86154,alt.atheism
307,-49.484207,8.239951,alt.atheism
308,31.978699,21.8583,comp.graphics
309,24.411596,2.7598329,sci.space
310,-4.4800677,-19.494602,alt.atheism
311,-19.882906,11.037836,talk.religion.misc
312,62.44505,17.564072,comp.graphics
313,-43.3422,-26.262503,talk.religion.misc
314,11.930941,17.986649,sci.space
315,-2.8006432,3.8086944,alt.atheism
316,-18.633087,34.718662,alt.atheism
317,25.915848,-25.770578,sci.space
318,57.333015,17.136164,comp.graphics
319,-50.78751,2.8396878,talk.religion.misc
320,-36.959843,-22.600763,talk.religion.misc
321,8.856563,-33.32498,sci.space
322,-28.772734,12.844142,alt.atheism
323,53.94098,14.839434,comp.graphics
324,-54.896503,-16.180826,alt.atheism
325,-22.596056,-4.115242,talk.religion.misc
326,-11.034493,-4.980371,talk.religion.misc
327,-18.835619,36.33139,alt.atheism
328,15.965506,-24.43724,sci.space
329,0.87890136,-42.70641,sci.space
330,22.065956,-35.351303,sci.space
331,-48.31758,31.98892,alt.atheism
332,-38.961826,38.160667,alt.atheism
333,25.774954,10.212419,comp.graphics
334,-36.489082,4.0685997,alt.atheism
335,-35.965206,-20.525604,talk.religion.misc
336,42.054424,30.943323,comp.graphics
337,26.934832,16.81721,comp.graphics
338,39.063625,14.794944,comp.graphics
339,2.9037418,-47.696423,sci.space
340,-37.127487,-25.86728,talk.religion.misc
341,21.129583,12.657568,comp.graphics
342,36.74748,30.089813,comp.graphics
343,17.556492,-18.774725,sci.space
344,6.2295847,24.279333,comp.graphics
345,21.67846,21.495161,comp.graphics
346,-24.036991,8.370067,alt.atheism
347,-38.60609,-16.31233,talk.religion.misc
348,-40.18318,-26.01682,talk.religion.misc
349,7.392337,-18.44773,sci.space
350,-31.471458,24.779797,alt.atheism
351,38.8874,20.002026,comp.graphics
352,33.6637,16.932755,comp.graphics
353,4.929661,-32.852364,sci.space
354,16.112303,-49.36289,sci.space
355,39.432617,13.115016,comp.graphics
356,36.26299,31.880001,comp.graphics
357,18.613901,-45.971214,sci.space
358,45.674164,15.49009,comp.graphics
359,-30.490425,11.107718,talk.religion.misc
360,21.735172,11.733643,comp.graphics
361,36.5804,32.400425,comp.graphics
362,-60.77062,-3.4055812,alt.atheism
363,-20.20221,24.873346,comp.graphics
364,-25.428894,7.899837,alt.atheism
365,30.225113,28.988882,comp.graphics
366,13.70084,22.096035,comp.graphics
367,-41.113464,14.345993,alt.atheism
368,-45.398083,43.501003,alt.atheism
369,-40.26983,32.679466,comp.graphics
370,-55.19411,-6.447152,alt.atheism
371,-3.9578798,-4.147768,comp.graphics
372,-64.8444,-5.993404,alt.atheism
373,12.93643,-28.685497,sci.space
374,10.391673,-51.129765,sci.space
375,48.567787,6.4634943,comp.graphics
376,6.2468395,-30.796234,sci.space
377,-19.99274,-5.59465,alt.atheism
378,31.271927,27.256454,comp.graphics
379,-8.843309,2.6570706,alt.atheism
380,-40.855072,30.212585,alt.atheism
381,64.796196,13.926303,comp.graphics
382,11.410023,-23.46655,sci.space
383,28.71473,15.990274,comp.graphics
384,46.274666,28.870533,comp.graphics
385,-40.62147,-26.587744,talk.religion.misc
386,-51.77255,3.7949169,alt.atheism
387,58.513885,3.8445985,comp.graphics
388,16.451284,-34.74746,sci.space
389,12.9973135,-0.7806374,sci.space
390,40.654465,29.84864,comp.graphics
391,-17.707588,2.4179533,talk.religion.misc
392,-65.43913,-9.27597,alt.atheism
393,23.13618,9.0474615,comp.graphics
394,17.548903,-34.836384,sci.space
395,-22.899078,2.634713,alt.atheism
396,36.49794,2.2544127,sci.space
397,39.780163,3.2443643,comp.graphics
398,-57.2643,-8.962787,alt.atheism
399,-26.620678,3.2242587,alt.atheism
400,16.15521,25.878529,comp.graphics
401,-49.201218,8.564988,talk.religion.misc
402,-2.0459614,-17.55875,sci.space
403,32.216984,6.6363406,comp.graphics
404,55.164608,14.709852,comp.graphics
405,-2.943966,-18.044468,sci.space
406,48.406868,0.83203614,comp.graphics
407,19.397629,10.612968,comp.graphics
408,21.371466,-14.979926,sci.space
409,-38.462936,19.970331,alt.atheism
410,-43.489437,42.30794,alt.atheism
411,-40.777935,9.636341,alt.atheism
412,-26.42676,2.623759,alt.atheism
413,12.576966,-23.959177,sci.space
414,8.861604,-19.021175,sci.space
415,-43.01848,-26.345722,talk.religion.misc
416,21.019798,-19.037481,sci.space
417,7.136797,-30.491669,sci.space
418,10.081705,-42.090477,sci.space
419,-37.259205,9.625019,alt.atheism
420,8.100047,-10.210678,sci.space
421,11.606743,-42.585598,sci.space
422,-25.778812,-16.492416,alt.atheism
423,45.53878,27.615324,comp.graphics
424,-50.335575,7.2244253,alt.atheism
425,13.175236,-0.2781767,sci.space
426,41.899414,0.35378724,comp.graphics
427,-17.362898,36.959923,alt.atheism
428,41.76432,1.1292902,comp.graphics
429,23.22118,13.359066,comp.graphics
430,56.356316,4.097718,comp.graphics
431,-49.382984,6.310271,talk.religion.misc
432,26.660568,29.237894,comp.graphics
433,0.35267302,-4.030446,comp.graphics
434,-25.324926,-0.65015095,talk.religion.misc
435,-60.58018,-15.801977,talk.religion.misc
436,-8.501883,1.9119892,talk.religion.misc
437,10.301553,-23.866476,sci.space
438,7.785961,-53.994682,sci.space
439,36.776085,11.283159,comp.graphics
440,-38.838535,19.617992,alt.atheism
441,16.31936,-51.23181,sci.space
442,17.558184,-3.0363293,sci.space
443,-37.74058,13.363848,alt.atheism
444,18.917465,-48.698715,sci.space
445,25.86273,16.908827,comp.graphics
446,-9.673591,2.397679,talk.religion.misc
447,64.982414,12.689234,comp.graphics
448,-18.251575,37.37624,alt.atheism
449,6.515304,-35.00522,sci.space
450,14.582964,-7.987083,sci.space
451,56.481144,14.877086,comp.graphics
452,-18.060167,2.4606242,talk.religion.misc
453,-40.278236,17.09233,alt.atheism
454,-65.69771,-12.767308,sci.space
455,-44.673813,-2.7172487,alt.atheism
456,46.098106,21.66218,comp.graphics
457,11.376976,-13.123372,sci.space
458,-61.023235,-4.6759944,talk.religion.misc
459,60.124496,19.215796,comp.graphics
460,53.624683,13.95419,comp.graphics
461,20.976328,-32.778965,sci.space
462,-6.494963,-3.3773494,alt.atheism
463,-42.0573,-7.8144255,talk.religion.misc
464,18.868338,22.29894,comp.graphics
465,65.24439,13.303851,comp.graphics
466,-36.654446,-16.291553,talk.religion.misc
467,-61.0787,-10.838033,alt.atheism
468,26.10837,31.677834,comp.graphics
469,-29.110113,1.5159093,alt.atheism
470,17.87571,17.175262,comp.graphics
471,47.565876,-1.3304646,comp.graphics
472,3.2782261,-29.683994,sci.space
473,-35.084534,-15.1132965,talk.religion.misc
474,-49.137993,-4.782829,talk.religion.misc
475,19.008982,26.165058,comp.graphics
476,35.677578,16.679996,comp.graphics
477,-32.10626,-1.8308818,alt.atheism
478,-44.848587,39.77824,alt.atheism
479,22.162182,-13.401833,sci.space
480,7.948939,25.19131,comp.graphics
481,3.2650084,-37.05664,sci.space
482,53.973076,8.085088,comp.graphics
483,15.505452,-35.9612,sci.space
484,26.55131,27.733215,comp.graphics
485,2.2842717,-50.59555,sci.space
486,1.5792934,-15.382602,sci.space
487,26.141342,-26.869114,sci.space
488,24.626587,-12.770579,sci.space
489,11.789037,-35.801243,sci.space
490,-50.64578,5.9088306,talk.religion.misc
491,-37.676163,-25.85074,talk.religion.misc
492,22.074501,28.229761,comp.graphics
493,-49.09439,28.044376,alt.atheism
494,39.306747,1.0820086,comp.graphics
495,22.199442,28.866835,comp.graphics
496,8.952679,24.922342,comp.graphics
497,6.498604,-45.731434,sci.space
498,11.210709,-0.17795748,sci.space
499,59.81703,16.155201,comp.graphics
500,6.149346,2.4253132,sci.space
501,28.594833,20.636267,comp.graphics
502,-42.5541,-3.058996,talk.religion.misc
503,-1.604377,-46.38764,sci.space
504,20.635801,-20.194717,sci.space
505,55.024254,10.588922,comp.graphics
506,14.176165,-7.7797537,sci.space
507,14.533848,-14.332222,sci.space
508,48.230618,13.645955,comp.graphics
509,-34.521976,-18.158306,talk.religion.misc
510,-17.817913,35.541275,alt.atheism
511,-5.8767447,-2.37406,alt.atheism
512,-26.134275,-6.7031054,talk.religion.misc
513,20.774288,-6.3256598,sci.space
514,5.955866,-13.914596,sci.space
515,44.22019,1.5353802,comp.graphics
516,13.315967,-53.09273,sci.space
517,17.977228,-48.19416,sci.space
518,1.8254757,-50.211582,sci.space
519,-28.328089,16.149174,alt.atheism
520,-64.68348,-7.3333235,alt.atheism
521,-61.802467,-5.8422403,alt.atheism
522,-42.709316,-17.026566,talk.religion.misc
523,-15.474023,-6.6808386,talk.religion.misc
524,37.897873,6.535737,comp.graphics
525,20.362495,-27.14858,sci.space
526,-0.13369396,-41.76703,sci.space
527,-18.86594,35.652443,alt.atheism
528,7.6133294,-27.21042,sci.space
529,-46.59876,-15.899078,alt.atheism
530,-36.87668,5.9346795,alt.atheism
531,37.669678,6.917727,comp.graphics
532,20.905201,-18.376259,sci.space
533,-46.096256,-5.0035243,alt.atheism
534,18.851437,-0.7388861,comp.graphics
535,-1.2225581,-43.847298,sci.space
536,-44.36846,-17.880657,alt.atheism
537,47.337322,14.42061,comp.graphics
538,13.099406,25.20408,comp.graphics
539,14.07868,24.756298,comp.graphics
540,-42.92043,28.892656,alt.atheism
541,19.817055,-26.85592,sci.space
542,38.243244,27.854105,comp.graphics
543,-44.966503,8.36993,alt.atheism
544,-41.16264,20.151718,alt.atheism
545,-49.429016,37.079643,alt.atheism
546,-24.255434,-8.29081,talk.religion.misc
547,56.14103,3.917408,comp.graphics
548,-51.669582,-10.084328,talk.religion.misc
549,-14.131171,-5.838561,talk.religion.misc
550,-42.584286,40.623505,alt.atheism
551,-37.382103,21.85259,alt.atheism
552,22.901157,-14.736178,sci.space
553,29.93524,-30.841688,sci.space
554,-32.337124,25.224228,alt.atheism
555,-5.6018567,-39.676052,comp.graphics
556,8.378576,-43.040367,sci.space
557,-48.418884,-8.659216,talk.religion.misc
558,30.93393,6.058035,comp.graphics
559,47.331005,17.423765,comp.graphics
560,-55.344658,-8.749355,talk.religion.misc
561,-51.4003,-2.1984453,alt.atheism
562,3.4919558,-45.773384,sci.space
563,31.507046,18.821737,comp.graphics
564,-57.638954,-15.435223,alt.atheism
565,8.30816,-27.104856,sci.space
566,-36.19955,-3.7315369,talk.religion.misc
567,-1.430405,-4.9713044,sci.space
568,19.411942,-2.0573013,sci.space
569,32.114094,-25.465637,sci.space
570,46.1032,12.159356,comp.graphics
571,15.705306,-14.858577,sci.space
572,43.40309,30.794794,comp.graphics
573,26.724035,-31.634705,sci.space
574,15.826149,0.46477124,sci.space
575,-22.076447,-1.5833952,talk.religion.misc
576,32.168606,16.432997,comp.graphics
577,-53.499256,6.770642,talk.religion.misc
578,36.208626,14.94292,comp.graphics
579,6.1490493,5.103883,sci.space
580,41.062782,2.9090805,comp.graphics
581,46.119373,6.210822,comp.graphics
582,-52.537327,9.432589,alt.atheism
583,19.546143,12.16691,comp.graphics
584,21.460695,28.700691,comp.graphics
585,-43.50342,-6.679437,talk.religion.misc
586,-47.31195,42.742123,alt.atheism
587,14.331561,-50.931057,sci.space
588,55.946167,15.197429,comp.graphics
589,-55.321747,2.704363,alt.atheism
590,-47.509018,26.079128,alt.atheism
591,-46.034298,41.626225,alt.atheism
592,17.450356,-38.44979,sci.space
593,-33.30319,-7.628368,talk.religion.misc
594,30.441484,21.116493,comp.graphics
595,-1.8410504,-15.154471,talk.religion.misc
596,38.96999,27.218681,comp.graphics
597,20.929596,-15.359771,sci.space
598,26.68797,-15.690019,sci.space
599,-20.01108,10.096532,talk.religion.misc
600,6.280982,24.668306,comp.graphics
601,50.15928,20.090294,comp.graphics
602,-47.84654,40.999985,alt.atheism
603,27.151999,8.756822,comp.graphics
604,25.988352,5.5247703,talk.religion.misc
605,17.394201,-25.70624,sci.space
606,15.854978,-13.784315,sci.space
607,-61.376335,-9.38415,talk.religion.misc
608,3.862093,-21.185417,sci.space
609,-36.15741,7.919979,alt.atheism
610,15.974255,-44.881573,sci.space
611,45.379364,-1.2275919,comp.graphics
612,-64.69344,-6.963783,alt.atheism
613,41.909504,31.563046,comp.graphics
614,13.732613,-41.107677,sci.space
615,32.44873,22.470871,comp.graphics
616,14.053686,23.819603,comp.graphics
617,-38.52889,7.1815395,alt.atheism
618,-59.2493,-17.028477,talk.religion.misc
619,-14.249871,-9.466419,talk.religion.misc
620,-1.4431833,6.8811803,alt.atheism
621,18.030338,-47.536324,sci.space
622,5.7929173,21.645653,talk.religion.misc
623,63.023994,13.441142,comp.graphics
624,-47.862225,29.611225,alt.atheism
625,19.421936,-31.349737,sci.space
626,45.490353,22.992315,comp.graphics
627,-44.25318,10.675226,talk.religion.misc
628,25.759096,-29.734995,sci.space
629,-32.840656,-14.431229,talk.religion.misc
630,-46.076927,7.234122,alt.atheism
631,-56.715164,-2.7030065,alt.atheism
632,-41.703293,-18.283384,talk.religion.misc
633,37.061176,23.229807,comp.graphics
634,53.46431,2.6300519,comp.graphics
635,42.17162,12.254335,comp.graphics
636,16.477327,-11.18283,sci.space
637,40.419468,4.6541905,comp.graphics
638,2.2555478,-39.979088,sci.space
639,-37.941826,21.570213,alt.atheism
640,27.233982,-26.318575,sci.space
641,0.33950913,-41.14469,sci.space
642,-32.003235,-18.143055,talk.religion.misc
643,59.717724,14.652682,comp.graphics
644,32.97538,21.928371,comp.graphics
645,-40.858345,7.3919353,alt.atheism
646,14.2465925,-16.581795,sci.space
647,34.682693,17.491915,comp.graphics
648,42.82345,28.359474,comp.graphics
649,39.80925,4.4014635,comp.graphics
650,-23.226038,-8.14296,talk.religion.misc
651,40.941513,16.750275,comp.graphics
652,57.348427,17.69336,comp.graphics
653,-40.844833,33.3552,alt.atheism
654,-43.851665,35.594696,alt.atheism
655,20.341686,12.185757,comp.graphics
656,-18.136723,2.4355636,talk.religion.misc
657,14.176654,-48.80773,sci.space
658,16.184902,-54.439644,sci.space
659,-46.098404,8.416704,talk.religion.misc
660,20.051212,14.986299,comp.graphics
661,24.649857,4.164711,comp.graphics
662,16.327795,-17.654364,sci.space
663,-20.361092,-8.27141,talk.religion.misc
664,32.579693,15.857985,comp.graphics
665,39.444603,14.668129,comp.graphics
666,7.2897067,-36.012577,sci.space
667,22.741777,-11.9038315,sci.space
668,-48.69946,32.10105,alt.atheism
669,-42.858803,4.394351,alt.atheism
670,-0.94891536,-46.272854,sci.space
671,15.685015,-11.440142,sci.space
672,-0.44527647,-23.739983,sci.space
673,-20.824757,8.433275,talk.religion.misc
674,-44.981956,9.503522,alt.atheism
675,40.75275,32.417183,sci.space
676,19.295046,-44.470493,sci.space
677,54.998352,1.8268813,comp.graphics
678,-34.328827,-8.930757,talk.religion.misc
679,-38.174118,-22.030197,talk.religion.misc
680,36.519794,6.9639473,comp.graphics
681,18.885954,-19.699665,sci.space
682,-55.22275,6.7350116,talk.religion.misc
683,-52.47071,5.8278074,alt.atheism
684,-34.95458,22.057745,alt.atheism
685,-5.450801,-40.347458,comp.graphics
686,-48.618046,38.790535,alt.atheism
687,-35.159805,23.471146,alt.atheism
688,16.725975,19.583864,sci.space
689,-28.54731,14.172902,talk.religion.misc
690,15.563161,-31.051474,sci.space
691,25.383635,8.35345,comp.graphics
692,-21.004335,-7.071461,talk.religion.misc
693,-1.3334177,7.2405043,talk.religion.misc
694,-24.237404,3.1675735,talk.religion.misc
695,46.265446,24.223726,comp.graphics
696,5.219117,-34.693745,sci.space
697,61.662426,13.925887,comp.graphics
698,11.043727,19.96658,sci.space
699,-59.653446,-14.8626585,talk.religion.misc
700,26.797228,21.571266,sci.space
701,-6.9139075,-0.5062919,talk.religion.misc
702,12.8120775,-54.77312,sci.space
703,-41.645405,33.592342,alt.atheism
704,32.173195,15.523751,comp.graphics
705,6.2735677,-13.538625,sci.space
706,-44.427868,-4.9730287,talk.religion.misc
707,16.051916,-46.38466,sci.space
708,25.601458,-32.960186,sci.space
709,55.711075,17.482075,comp.graphics
710,65.15248,12.257716,comp.graphics
711,-43.864635,41.79068,alt.atheism
712,-28.051622,14.391756,talk.religion.misc
713,-33.642296,12.65787,talk.religion.misc
714,13.33691,-13.324838,sci.space
715,60.728405,14.596112,comp.graphics
716,-12.509686,-9.212065,alt.atheism
717,34.20488,23.131502,comp.graphics
718,-39.24424,-18.291601,talk.religion.misc
719,17.871002,-9.094068,sci.space
720,27.790379,19.12865,comp.graphics
721,-40.733177,-17.054005,talk.religion.misc
722,58.008385,16.638247,comp.graphics
723,-34.060596,-8.285979,talk.religion.misc
724,22.2284,-28.569311,sci.space
725,-25.061,21.68117,alt.atheism
726,-19.605259,-10.000978,talk.religion.misc
727,50.16564,0.76334906,comp.graphics
728,-55.012524,-9.242015,talk.religion.misc
729,31.838789,-24.50405,sci.space
730,-24.62823,21.838968,alt.atheism
731,-43.090393,35.50069,alt.atheism
732,44.430393,3.3300164,comp.graphics
733,-56.85396,-5.9847827,alt.atheism
734,-43.85415,39.044243,alt.atheism
735,-43.273148,4.6851864,alt.atheism
736,18.02156,18.068655,comp.graphics
737,-7.876372,-3.9437814,talk.religion.misc
738,-24.164143,2.4986205,talk.religion.misc
739,-24.40232,-10.376468,talk.religion.misc
740,-39.40018,-24.898182,talk.religion.misc
741,44.086304,3.090553,comp.graphics
742,24.626842,13.611118,comp.graphics
743,6.6410804,-29.900871,sci.space
744,39.03213,6.463401,comp.graphics
745,17.319601,-35.20122,sci.space
746,-62.796604,-13.1511345,talk.religion.misc
747,-53.077923,-13.592219,alt.atheism
748,-41.16881,34.68136,alt.atheism
749,-33.559032,-18.000454,talk.religion.misc
750,-4.918907,3.069114,talk.religion.misc
751,15.450121,-29.807926,sci.space
752,-41.43083,20.080414,alt.atheism
753,10.231755,-21.998253,sci.space
754,-19.492691,34.070793,alt.atheism
755,10.693786,-0.052381165,sci.space
756,20.852201,27.19613,comp.graphics
757,7.683798,-28.127739,sci.space
758,-31.859121,8.7350445,alt.atheism
759,24.443533,23.29245,comp.graphics
760,-35.67623,-5.1745944,alt.atheism
761,-28.53252,-3.235145,talk.religion.misc
762,16.572577,-30.5426,sci.space
763,-46.659286,16.004272,alt.atheism
764,-60.35225,-4.267496,talk.religion.misc
765,-43.126984,38.302338,alt.atheism
766,-52.462227,0.8468694,alt.atheism
767,52.613625,6.5407395,comp.graphics
768,-50.39593,2.4873765,alt.atheism
769,-1.1541167,-44.589844,sci.space
770,-36.85345,4.8827057,alt.atheism
771,9.611969,-47.712063,sci.space
772,61.14144,12.35186,comp.graphics
773,-42.147533,16.364765,alt.atheism
774,21.229013,-31.511444,sci.space
775,56.882595,17.692652,comp.graphics
776,-23.961285,22.023134,alt.atheism
777,40.35092,-0.48751324,comp.graphics
778,-25.400312,8.4820175,alt.atheism
779,54.172413,1.3792932,comp.graphics
780,12.7700815,-8.987486,sci.space
781,-40.050537,13.179335,talk.religion.misc
782,16.431911,-23.059393,sci.space
783,39.44511,20.587023,comp.graphics
784,-40.536453,-6.9175873,talk.religion.misc
785,-53.195877,3.1507711,alt.atheism
786,-38.919422,10.20238,alt.atheism
787,-31.412605,25.844713,alt.atheism
788,27.2393,27.549086,comp.graphics
789,17.256405,-48.532265,sci.space
790,11.937693,22.230669,comp.graphics
791,22.015833,22.001282,comp.graphics
792,-56.78304,-12.956308,talk.religion.misc
793,-0.6365535,-12.594661,alt.atheism
794,-29.23967,5.3638363,alt.atheism
795,26.350273,-15.921205,sci.space
796,15.345926,-56.94022,sci.space
797,52.456207,9.267477,comp.graphics
798,-58.516796,-12.731129,talk.religion.misc
799,3.0337894,-46.39174,sci.space
800,-42.11491,-19.340786,talk.religion.misc
801,17.857718,-11.737905,sci.space
802,-5.426398,-38.826683,comp.graphics
803,-42.20024,28.111145,talk.religion.misc
804,13.601138,-46.09664,sci.space
805,3.7298799,-32.51115,sci.space
806,26.638775,-27.393917,sci.space
807,19.907993,-19.002666,sci.space
808,5.9217534,22.402126,comp.graphics
809,38.434814,11.894538,comp.graphics
810,-53.590015,-2.214998,alt.atheism
811,-38.024647,-25.922764,talk.religion.misc
812,9.448047,14.632833,comp.graphics
813,-18.102148,-2.1706457,sci.space
814,16.72697,-18.857338,sci.space
815,-25.743837,6.588212,alt.atheism
816,13.08434,-40.94723,sci.space
817,-24.197044,-3.9387913,talk.religion.misc
818,12.221511,-11.047674,sci.space
819,14.344074,-54.903656,sci.space
820,-61.99652,-7.932628,alt.atheism
821,16.44546,23.742508,comp.graphics
822,18.480015,-3.6745083,sci.space
823,-19.952154,10.752232,talk.religion.misc
824,13.515405,-39.07242,sci.space
825,39.514305,15.790903,comp.graphics
826,-50.433357,-11.1882715,talk.religion.misc
827,14.637096,24.943163,comp.graphics
828,-49.167915,-4.816624,talk.religion.misc
829,4.838411,-46.68912,sci.space
830,13.633291,-9.422144,sci.space
831,16.982779,-45.716,sci.space
832,6.9744625,-48.916367,sci.space
833,18.955479,-46.940434,sci.space
834,17.983253,-44.671337,sci.space
835,-12.202298,2.4644754,alt.atheism
836,-1.4882748,-15.141015,sci.space
837,0.8019499,-11.921611,comp.graphics
838,-35.943302,10.75597,alt.atheism
839,64.76151,8.072173,sci.space
840,2.006274,-47.938282,sci.space
841,42.803013,0.89781016,comp.graphics
842,7.652038,-37.478645,sci.space
843,-25.029198,-15.869056,alt.atheism
844,-44.64417,-17.911345,alt.atheism
845,-33.72444,14.204761,talk.religion.misc
846,40.762447,26.76827,comp.graphics
847,-46.87286,31.323057,alt.atheism
848,55.18147,2.883531,comp.graphics
849,12.961838,-37.799046,sci.space
850,-41.55367,11.328732,alt.atheism
851,-48.23736,-17.459276,alt.atheism
852,21.974651,-40.320354,sci.space
853,-20.852161,24.811695,alt.atheism
854,12.9225645,-22.273897,sci.space
855,23.94841,8.795212,sci.space
856,17.812645,8.777672,talk.religion.misc
857,7.857327,21.662144,comp.graphics
858,10.903413,0.9138198,sci.space
859,-23.763758,-8.233376,talk.religion.misc
860,58.391285,15.404216,comp.graphics
861,9.860023,-32.945248,sci.space
862,-1.3325825,-3.3931477,alt.atheism
863,-32.98168,24.502907,alt.atheism
864,20.933928,29.141705,comp.graphics
865,-36.576794,-21.344873,talk.religion.misc
866,-19.396389,35.09399,alt.atheism
867,56.487637,16.655394,comp.graphics
868,35.67248,5.8942018,comp.graphics
869,5.248949,-45.899025,sci.space
870,9.600846,-20.091852,sci.space
871,5.584195,-15.97915,sci.space
872,60.25005,18.464365,comp.graphics
873,25.750566,-28.933643,sci.space
874,57.572662,3.0870037,comp.graphics
875,-47.88773,-6.0531707,talk.religion.misc
876,19.602077,20.325205,comp.graphics
877,-23.386978,0.49517304,talk.religion.misc
878,11.012896,-11.474961,sci.space
879,4.0736494,23.385311,comp.graphics
880,39.181873,12.015793,comp.graphics
881,47.77392,11.524205,comp.graphics
882,-32.47148,-0.18481663,alt.atheism
883,17.294544,27.79852,comp.graphics
884,-1.3563727,-3.3901448,comp.graphics
885,-35.517845,-0.22030215,alt.atheism
886,-41.90531,4.9482107,alt.atheism
887,14.626168,-58.68213,sci.space
888,-60.35267,-9.918618,talk.religion.misc
889,-46.131912,28.181616,alt.atheism
890,-41.29915,13.1735735,alt.atheism
891,40.472466,21.267029,comp.graphics
892,12.8802595,24.198755,comp.graphics
893,30.17932,-30.205683,sci.space
894,-45.393837,31.070465,alt.atheism
895,14.298784,-47.57729,sci.space
896,14.14799,-9.611296,sci.space
897,27.98557,33.296127,comp.graphics
898,18.382051,23.59603,sci.space
899,-42.13046,3.127954,alt.atheism
900,14.45372,-55.56462,sci.space
901,4.4762793,2.303721,sci.space
902,44.950737,25.103441,comp.graphics
903,-19.375473,-1.8066252,talk.religion.misc
904,-14.640294,4.760532,talk.religion.misc
905,16.59099,-3.3774855,sci.space
906,-58.65975,-17.640587,talk.religion.misc
907,-42.313564,-6.4219356,talk.religion.misc
908,-0.7811781,-15.918405,talk.religion.misc
909,-22.26182,28.311745,alt.atheism
910,32.164936,19.226042,comp.graphics
911,21.274076,21.908125,comp.graphics
912,45.677113,4.986373,comp.graphics
913,-18.582935,-6.435996,alt.atheism
914,-25.346819,-9.753844,talk.religion.misc
915,-42.618153,35.482315,alt.atheism
916,-2.179615,-39.225838,sci.space
917,-22.428812,27.666536,alt.atheism
918,30.898127,31.416428,comp.graphics
919,-46.91267,25.955624,alt.atheism
920,-3.17176,4.1275,alt.atheism
921,-36.892387,25.392147,alt.atheism
922,17.011635,-22.675364,sci.space
923,-47.510765,-16.083023,talk.religion.misc
924,15.420078,-11.822894,sci.space
925,20.883926,-47.295242,sci.space
926,-24.222425,-0.7659637,talk.religion.misc
927,31.586363,31.98128,comp.graphics
928,29.189089,32.540176,comp.graphics
929,45.97044,-2.9367645,comp.graphics
930,-40.462845,-24.423817,talk.religion.misc
931,-22.157196,-16.106802,talk.religion.misc
932,6.727722,17.833149,comp.graphics
933,-41.881756,33.86584,alt.atheism
934,28.565414,20.028933,comp.graphics
935,-12.965862,-8.246464,talk.religion.misc
936,22.909542,-33.448,sci.space
937,-32.891365,24.748411,alt.atheism
938,-33.210934,20.313107,alt.atheism
939,-44.967026,28.353762,alt.atheism
940,-51.398052,9.204716,alt.atheism
941,18.120817,-49.79079,sci.space
942,39.51705,19.568668,comp.graphics
943,-45.396797,1.9298111,alt.atheism
944,23.199295,10.650124,comp.graphics
945,32.250446,-26.14505,sci.space
946,6.94653,-3.6265576,sci.space
947,9.147922,-43.713173,sci.space
948,41.301506,30.814783,comp.graphics
949,18.231327,19.784458,comp.graphics
950,8.863008,-14.320432,sci.space
951,-29.431181,15.6208105,alt.atheism
952,-32.775036,-2.762964,talk.religion.misc
953,8.782623,-46.68437,sci.space
954,-49.555702,-3.6635163,talk.religion.misc
955,-41.704075,-2.8374288,talk.religion.misc
956,64.19923,13.27059,comp.graphics
957,-34.201855,15.033184,alt.atheism
958,13.978246,-26.620136,sci.space
959,-46.2412,39.16865,alt.atheism
960,17.319511,-12.091683,sci.space
961,11.639107,27.544506,comp.graphics
962,-50.91896,0.08654334,alt.atheism
963,4.999883,-29.906809,sci.space
964,-43.71034,-19.147738,alt.atheism
965,-17.071714,35.238373,alt.atheism
966,1.9999517,-50.41845,sci.space
967,-42.593258,-25.624928,talk.religion.misc
968,51.080082,21.39257,comp.graphics
969,-22.70689,1.6378529,comp.graphics
970,22.515608,-33.14936,sci.space
971,6.1569366,-19.49658,sci.space
972,11.821315,-0.0974817,sci.space
973,-61.620922,-8.719981,alt.atheism
974,53.276783,7.490057,comp.graphics
975,-20.055103,-9.850931,talk.religion.misc
976,2.1458838,-11.507676,alt.atheism
977,24.517822,3.2041814,sci.space
978,16.474607,-57.188847,sci.space
979,-13.5131855,-5.1528077,alt.atheism
980,14.643471,-16.098064,sci.space
981,-61.519577,-13.515528,talk.religion.misc
982,53.62136,7.1802797,comp.graphics
983,62.55696,10.940343,comp.graphics
984,48.154377,18.273453,comp.graphics
985,-24.567839,10.0929785,alt.atheism
986,62.11011,12.8477125,comp.graphics
987,-63.5537,-7.8196096,alt.atheism
988,-37.23317,15.372265,talk.religion.misc
989,44.007847,28.738804,comp.graphics
990,22.936848,-27.878254,sci.space
991,19.842361,10.001336,comp.graphics
992,56.234913,10.217321,comp.graphics
993,-23.200186,-1.3063028,alt.atheism
994,35.866764,6.3333144,comp.graphics
995,-22.75105,27.930168,alt.atheism
996,59.62132,16.90032,comp.graphics
997,-46.457577,27.572046,alt.atheism
998,52.401802,8.064954,comp.graphics
999,-33.868916,17.826015,alt.atheism
1000,31.639576,6.49027,comp.graphics
1001,65.68394,13.046977,comp.graphics
1002,-56.622997,-9.381238,alt.atheism
1003,21.321198,-5.4858303,sci.space
1004,3.8127048,-0.61313385,sci.space
1005,-15.355509,-6.3895373,talk.religion.misc
1006,19.092478,28.663382,comp.graphics
1007,-35.029716,-21.704838,talk.religion.misc
1008,-10.47993,-7.6366124,alt.atheism
1009,-59.170364,-14.487225,talk.religion.misc
1010,-19.914938,-8.408216,talk.religion.misc
1011,15.835807,27.486311,comp.graphics
1012,-62.504276,-14.003594,talk.religion.misc
1013,64.48191,15.32722,comp.graphics
1014,-43.491272,-10.397487,talk.religion.misc
1015,6.0292897,-41.563366,sci.space
1016,-41.247128,-16.972408,talk.religion.misc
1017,-39.838924,-3.066545,talk.religion.misc
1018,37.667248,27.678692,comp.graphics
1019,11.015769,-12.225275,sci.space
1020,28.436539,19.07113,comp.graphics
1021,-41.359806,-16.367367,talk.religion.misc
1022,18.01023,-0.3826349,comp.graphics
1023,18.873251,15.604182,comp.graphics
1024,2.518757,-1.4171032,sci.space
1025,-58.630096,-15.594672,talk.religion.misc
1026,-62.941395,-11.456185,alt.atheism
1027,53.596657,1.4864659,comp.graphics
1028,62.08721,17.242329,comp.graphics
1029,8.767916,23.615559,comp.graphics
1030,-24.737577,15.271787,alt.atheism
1031,-55.581314,-5.8819227,alt.atheism
1032,-48.062683,-19.27839,alt.atheism
1033,17.080547,-46.959393,sci.space
1034,-48.048954,-4.8779764,talk.religion.misc
1035,22.889605,21.964949,comp.graphics
1036,59.444935,14.025566,comp.graphics
1037,12.818034,23.214447,comp.graphics
1038,40.842316,30.693085,comp.graphics
1039,-61.061256,-7.7248034,alt.atheism
1040,-41.51406,-24.182886,talk.religion.misc
1041,-60.757446,-2.938048,alt.atheism
1042,-64.75383,-8.747279,alt.atheism
1043,24.400858,27.354132,comp.graphics
1044,2.8386023,-4.5106454,sci.space
1045,11.99772,-0.71149135,sci.space
1046,-53.390545,-3.1485646,alt.atheism
1047,9.369991,-19.421947,sci.space
1048,36.362423,20.043892,comp.graphics
1049,12.22908,-56.342133,sci.space
1050,-57.952797,-6.1374197,alt.atheism
1051,5.897564,3.6791184,comp.graphics
1052,-41.182274,15.729405,alt.atheism
1053,13.874691,-54.248398,sci.space
1054,37.806255,25.224037,comp.graphics
1055,28.847836,28.256989,comp.graphics
1056,-47.110176,-19.686743,alt.atheism
1057,-53.789192,-4.145073,alt.atheism
1058,0.11328938,5.6996646,sci.space
1059,-33.262516,20.107151,alt.atheism
1060,2.9162438,7.1817355,alt.atheism
1061,33.387054,23.807137,comp.graphics
1062,-45.61568,40.46249,alt.atheism
1063,39.73623,5.44451,sci.space
1064,40.637684,3.7150917,comp.graphics
1065,-41.065826,25.94344,alt.atheism
1066,-24.916887,8.032419,alt.atheism
1067,-58.887413,-11.073815,talk.religion.misc
1068,-26.313559,-1.1809957,talk.religion.misc
1069,18.323814,-4.694843,sci.space
1070,13.550246,18.532873,comp.graphics
1071,15.583387,-36.84624,sci.space
1072,8.158117,-8.796316,sci.space
1073,-45.75096,-3.9253232,alt.atheism
1074,-43.031605,17.666384,alt.atheism
1075,60.443497,17.269468,comp.graphics
1076,-18.714762,-9.547965,talk.religion.misc
1077,-33.474327,-8.186353,talk.religion.misc
1078,-60.92369,-6.5594754,alt.atheism
1079,-37.489063,17.668715,alt.atheism
1080,45.986008,25.42698,comp.graphics
1081,-20.111979,7.989161,talk.religion.misc
1082,-41.606106,-19.652584,talk.religion.misc
1083,21.965633,12.540874,comp.graphics
1084,-17.458637,-9.940866,talk.religion.misc
1085,3.4490504,-48.743004,sci.space
1086,14.687534,-29.144054,sci.space
1087,4.552422,-36.52947,sci.space
1088,4.571019,-7.2688494,sci.space
1089,40.809433,24.84599,comp.graphics
1090,14.361083,-54.620983,sci.space
1091,-7.1416917,-37.59959,comp.graphics
1092,12.6479225,-44.45896,sci.space
1093,-34.359283,21.408543,talk.religion.misc
1094,13.906069,-14.830741,sci.space
1095,5.137183,23.55822,comp.graphics
1096,-37.26825,5.2168,alt.atheism
1097,-62.15426,-12.550391,alt.atheism
1098,23.246946,11.359113,comp.graphics
1099,16.967257,-54.8639,sci.space
1100,17.188082,-31.285734,sci.space
1101,-47.81062,4.078345,alt.atheism
1102,-1.7171791,5.0300064,talk.religion.misc
1103,-45.64388,-7.0283003,talk.religion.misc
1104,-29.762568,9.361637,alt.atheism
1105,-0.16805173,-46.035923,sci.space
1106,-21.832731,28.870213,alt.atheism
1107,-24.444273,-16.08036,alt.atheism
1108,10.488308,23.70194,comp.graphics
1109,-35.577713,23.466139,alt.atheism
1110,15.714772,-3.4613776,sci.space
1111,26.072271,23.171982,sci.space
1112,24.92151,-15.290644,sci.space
1113,6.1418676,7.636244,comp.graphics
1114,-32.41777,-9.055806,talk.religion.misc
1115,-20.526773,11.751292,talk.religion.misc
1116,10.140434,-30.549978,sci.space
1117,19.91882,-23.597734,sci.space
1118,13.238283,-27.045565,sci.space
1119,-43.418427,37.59914,alt.atheism
1120,-10.204093,2.3445387,alt.atheism
1121,42.65908,13.818455,comp.graphics
1122,42.964783,14.240153,comp.graphics
1123,-14.82105,-9.677833,talk.religion.misc
1124,-0.6031841,4.8905644,talk.religion.misc
1125,14.682542,-27.311375,sci.space
1126,-5.675597,-39.255962,comp.graphics
1127,3.643827,-14.960224,sci.space
1128,11.185891,-44.017895,sci.space
1129,-18.57104,36.81041,alt.atheism
1130,55.209995,4.1574984,comp.graphics
1131,20.657278,26.003443,comp.graphics
1132,-56.519592,-6.8253574,alt.atheism
1133,13.395881,-1.0123296,sci.space
1134,-37.96386,-16.727919,talk.religion.misc
1135,47.11489,0.68413043,comp.graphics
1136,15.325847,-34.785557,sci.space
1137,19.08353,-42.286755,sci.space
1138,5.879874,22.927319,comp.graphics
1139,59.580177,19.494164,comp.graphics
1140,-47.275143,40.486427,alt.atheism
1141,-0.36412257,-5.9114,sci.space
1142,2.285919,-16.89994,sci.space
1143,-41.68103,12.111387,alt.atheism
1144,16.597425,-56.907616,sci.space
1145,22.040829,17.019352,comp.graphics
1146,49.13874,27.19117,comp.graphics
1147,25.566849,7.7690506,comp.graphics
1148,22.945028,-31.486275,sci.space
1149,6.596317,20.699646,comp.graphics
1150,-28.858906,9.72769,alt.atheism
1151,-17.409136,34.624218,alt.atheism
1152,23.548904,-20.194893,sci.space
1153,-27.170364,14.03422,talk.religion.misc
1154,-51.36056,-4.548295,talk.religion.misc
1155,3.8646812,-28.190298,sci.space
1156,-40.983524,8.61422,alt.atheism
1157,21.332802,-25.610813,sci.space
1158,5.604868,-44.90763,sci.space
1159,40.13783,-0.11325176,comp.graphics
1160,15.239697,-16.149538,sci.space
1161,-41.584103,-3.6861193,talk.religion.misc
1162,51.754135,1.2336687,comp.graphics
1163,-59.688107,-12.056104,talk.religion.misc
1164,7.5987687,24.433628,comp.graphics
1165,7.020679,5.075929,sci.space
1166,19.570375,-27.039234,sci.space
1167,8.003616,-20.018959,sci.space
1168,-42.529003,-3.3400397,talk.religion.misc
1169,15.090112,-53.697903,sci.space
1170,-25.24517,-15.547844,alt.atheism
1171,51.119286,16.462671,comp.graphics
1172,20.9928,15.449168,comp.graphics
1173,2.4819622,0.32633007,sci.space
1174,0.5553558,-12.74201,sci.space
1175,29.098036,14.584277,comp.graphics
1176,-40.758636,16.013445,alt.atheism
1177,34.17364,27.186996,comp.graphics
1178,40.906914,0.29361963,comp.graphics
1179,-38.287434,-20.93083,talk.religion.misc
1180,-47.984104,-6.573388,alt.atheism
1181,5.892388,-33.183167,sci.space
1182,-47.43516,27.570946,alt.atheism
1183,-35.052376,1.3971134,alt.atheism
1184,14.099308,-27.71035,sci.space
1185,-36.207672,24.691591,alt.atheism
1186,6.626122,-36.276134,sci.space
1187,2.655341,-43.413162,sci.space
1188,24.398815,14.701972,comp.graphics
1189,-40.71764,-23.515272,talk.religion.misc
1190,14.82706,-15.124371,sci.space
1191,-41.679985,-7.4275723,talk.religion.misc
1192,-39.28137,38.74729,alt.atheism
1193,2.4561265,-17.157997,talk.religion.misc
1194,-46.37539,-17.398285,alt.atheism
1195,23.251009,27.230442,comp.graphics
1196,-16.987696,-9.600118,talk.religion.misc
1197,-39.230587,38.434082,alt.atheism
1198,12.159544,-1.6108762,sci.space
1199,45.8049,16.896286,comp.graphics
1200,50.623074,8.171916,comp.graphics
1201,-55.309174,-1.7414418,alt.atheism
1202,3.2486129,-0.8567776,sci.space
1203,-1.6724936,-39.41586,sci.space
1204,18.85341,-40.1472,sci.space
1205,-11.6476145,-4.9390397,talk.religion.misc
1206,-1.0513037,-41.94878,sci.space
1207,-53.14487,-13.026355,alt.atheism
1208,-58.69809,-18.961226,talk.religion.misc
1209,38.007736,25.162165,comp.graphics
1210,26.76611,28.561905,comp.graphics
1211,-0.5318348,-43.060104,sci.space
1212,-25.123056,-11.846129,alt.atheism
1213,-38.380177,19.167553,alt.atheism
1214,-50.889057,-8.57924,talk.religion.misc
1215,22.813978,-34.56592,sci.space
1216,-33.79333,-21.06787,talk.religion.misc
1217,37.43336,23.063488,comp.graphics
1218,42.465176,0.10070612,comp.graphics
1219,-31.643206,-3.089129,talk.religion.misc
1220,-47.38242,-6.8001056,alt.atheism
1221,12.202081,-40.627472,sci.space
1222,49.89998,9.9306345,comp.graphics
1223,20.169199,-39.785618,sci.space
1224,23.49303,16.155746,comp.graphics
1225,14.475432,-28.297852,sci.space
1226,-39.9233,-17.247044,talk.religion.misc
1227,38.926136,15.555654,comp.graphics
1228,7.938113,-9.465268,sci.space
1229,-42.005295,17.257563,alt.atheism
1230,-35.992542,10.957866,alt.atheism
1231,25.657497,29.482294,comp.graphics
1232,11.522282,22.961185,comp.graphics
1233,23.72014,-12.7507715,sci.space
1234,0.360807,-41.789997,sci.space
1235,40.235886,31.437668,comp.graphics
1236,-0.81238115,-5.1647415,sci.space
1237,24.123434,-19.836319,sci.space
1238,45.043697,24.05648,comp.graphics
1239,25.370955,21.844599,comp.graphics
1240,15.330711,-24.725624,sci.space
1241,-52.815887,-3.423685,alt.atheism
1242,4.198342,-29.952036,sci.space
1243,23.363026,2.1935625,sci.space
1244,34.915237,13.5248785,sci.space
1245,-38.99448,34.28307,alt.atheism
1246,-27.583225,15.732024,talk.religion.misc
1247,64.91008,14.782781,comp.graphics
1248,-21.037292,26.34112,alt.atheism
1249,20.87245,-46.215668,sci.space
1250,49.667103,0.3547098,comp.graphics
1251,32.543537,24.256798,comp.graphics
1252,16.477663,29.059397,comp.graphics
1253,12.7466545,-21.418257,sci.space
1254,27.343262,4.804089,sci.space
1255,45.172836,24.145756,comp.graphics
1256,-21.060968,-13.785117,talk.religion.misc
1257,-44.65733,27.223398,alt.atheism
1258,49.096584,9.688123,comp.graphics
1259,-36.833363,8.961676,alt.atheism
1260,36.499462,29.713202,comp.graphics
1261,-2.612554,-15.001396,alt.atheism
1262,46.46708,27.449781,comp.graphics
1263,13.224684,-52.26471,sci.space
1264,-10.811289,-8.051286,alt.atheism
1265,35.704037,32.89842,comp.graphics
1266,41.923565,19.018482,comp.graphics
1267,-19.134476,-5.782302,alt.atheism
1268,20.64476,21.084133,sci.space
1269,46.138596,13.487458,comp.graphics
1270,-44.622295,4.0401497,alt.atheism
1271,11.728086,-1.0640507,sci.space
1272,-42.220142,19.702835,alt.atheism
1273,24.465382,-33.723793,sci.space
1274,-17.489223,35.85641,alt.atheism
1275,-44.95982,17.193417,alt.atheism
1276,51.080204,7.4389343,comp.graphics
1277,33.13651,5.5119724,comp.graphics
1278,7.3234277,22.088835,comp.graphics
1279,46.730095,17.290594,comp.graphics
1280,-60.95584,-14.416618,talk.religion.misc
1281,22.432724,10.1828575,comp.graphics
1282,-59.2701,-9.048279,talk.religion.misc
1283,5.160368,-2.70737,sci.space
1284,-45.950386,-17.19031,alt.atheism
1285,-21.646877,-14.831767,talk.religion.misc
1286,3.8813543,0.76317126,sci.space
1287,5.807909,-37.37915,sci.space
1288,-37.826813,13.319127,alt.atheism
1289,39.255886,7.7343473,comp.graphics
1290,31.986563,30.225697,comp.graphics
1291,-46.704075,-4.7176085,alt.atheism
1292,32.09502,33.075382,comp.graphics
1293,-28.627365,6.125111,alt.atheism
1294,-44.00297,25.372646,alt.atheism
1295,-8.863402,-4.300941,talk.religion.misc
1296,21.184013,27.842295,comp.graphics
1297,6.293526,-18.563578,sci.space
1298,28.80102,16.646128,comp.graphics
1299,13.141694,-53.47757,sci.space
1300,-20.75093,-8.869363,talk.religion.misc
1301,13.16963,-24.995163,sci.space
1302,21.277906,24.01274,comp.graphics
1303,7.2595897,-17.713781,sci.space
1304,20.218771,10.674718,comp.graphics
1305,-32.74365,14.159827,talk.religion.misc
1306,-40.28047,31.422506,alt.atheism
1307,-31.312113,9.369256,alt.atheism
1308,6.934539,-19.417858,sci.space
1309,-25.255903,8.854973,alt.atheism
1310,49.21747,-0.611317,comp.graphics
1311,29.050865,21.9095,comp.graphics
1312,29.339922,30.022358,comp.graphics
1313,17.182035,12.339869,talk.religion.misc
1314,12.277763,23.632475,comp.graphics
1315,-43.66152,0.12684622,alt.atheism
1316,-1.0298222,-40.560043,sci.space
1317,58.070526,5.829481,comp.graphics
1318,-51.513325,3.9791136,alt.atheism
1319,19.197504,-37.3518,sci.space
1320,-39.2865,0.93516624,alt.atheism
1321,25.521448,-11.951927,sci.space
1322,56.968166,13.272091,comp.graphics
1323,10.203623,-44.144047,sci.space
1324,35.229343,19.875471,comp.graphics
1325,-54.08793,8.492987,alt.atheism
1326,-35.38701,1.1960933,alt.atheism
1327,-20.482046,-12.95632,talk.religion.misc
1328,13.81511,-48.62152,sci.space
1329,20.162766,-36.473183,sci.space
1330,-46.798542,40.87873,alt.atheism
1331,15.024381,-24.550682,sci.space
1332,47.358967,25.530807,comp.graphics
1333,37.26479,30.433393,comp.graphics
1334,18.738115,27.552816,comp.graphics
1335,-31.607702,8.25478,alt.atheism
1336,-33.74103,-5.95397,talk.religion.misc
1337,12.030446,-35.913074,sci.space
1338,47.746387,7.9684625,comp.graphics
1339,-4.206781,5.094637,alt.atheism
1340,-47.752163,-1.7518175,talk.religion.misc
1341,-46.470592,30.83269,alt.atheism
1342,3.36494,-49.22511,sci.space
1343,-24.204275,-5.7568073,talk.religion.misc
1344,-30.347609,-0.6415373,alt.atheism
1345,-45.382027,41.193413,alt.atheism
1346,-30.204128,-5.508667,talk.religion.misc
1347,-20.820255,9.104148,talk.religion.misc
1348,38.82355,30.750938,comp.graphics
1349,5.6340938,-15.074635,sci.space
1350,40.36033,16.85443,comp.graphics
1351,4.5766087,-18.16162,sci.space
1352,-11.360572,4.326565,talk.religion.misc
1353,19.615873,18.797693,comp.graphics
1354,28.843744,31.58509,comp.graphics
1355,-43.301147,-0.24795586,alt.atheism
1356,-59.21351,-15.476605,talk.religion.misc
1357,-49.538086,-3.1380918,alt.atheism
1358,-2.1253023,-42.584286,sci.space
1359,23.20643,-11.3236265,comp.graphics
1360,-31.221878,11.416009,alt.atheism
1361,55.00129,14.028535,comp.graphics
1362,28.300566,31.104689,comp.graphics
1363,20.536112,-39.801006,sci.space
1364,-7.057649,7.362529,talk.religion.misc
1365,8.417055,-6.264043,sci.space
1366,-0.5150636,-12.952554,sci.space
1367,56.51893,7.795027,comp.graphics
1368,48.965263,1.3087063,comp.graphics
1369,28.165731,20.778126,comp.graphics
1370,-2.100593,4.9374557,talk.religion.misc
1371,-47.13489,41.520973,alt.atheism
1372,10.384978,25.07204,comp.graphics
1373,25.699537,30.868158,comp.graphics
1374,-39.98719,-24.636374,talk.religion.misc
1375,17.153305,17.330992,comp.graphics
1376,-1.5466735,3.704316,talk.religion.misc
1377,16.896383,-3.8941507,sci.space
1378,2.5695107,-49.88883,sci.space
1379,-55.60485,-7.38877,talk.religion.misc
1380,-27.559652,11.986478,alt.atheism
1381,9.769413,-4.629773,sci.space
1382,11.291001,-43.242054,sci.space
1383,-35.355648,-18.46925,talk.religion.misc
1384,-1.1070975,-45.971867,sci.space
1385,14.083497,-52.71089,sci.space
1386,-60.919067,-17.318796,talk.religion.misc
1387,-42.181652,20.581907,alt.atheism
1388,-48.77781,9.337477,alt.atheism
1389,13.653268,-56.606876,sci.space
1390,12.863057,-8.503162,sci.space
1391,-46.915462,29.15223,talk.religion.misc
1392,14.600778,-12.985722,sci.space
1393,-47.514576,-16.202976,alt.atheism
1394,35.87216,24.734985,comp.graphics
1395,31.501326,5.841195,comp.graphics
1396,32.16434,17.818874,comp.graphics
1397,12.509139,-8.3615675,talk.religion.misc
1398,-20.405556,7.1339107,talk.religion.misc
1399,-40.55588,29.680302,alt.atheism
1400,5.802349,-17.685991,sci.space
1401,-35.555386,-8.099169,talk.religion.misc
1402,-21.270086,8.003097,talk.religion.misc
1403,-54.028107,3.2739708,talk.religion.misc
1404,38.972336,18.773155,comp.graphics
1405,18.663424,29.719376,comp.graphics
1406,39.01741,28.251999,comp.graphics
1407,15.185699,-52.07896,sci.space
1408,-37.542847,3.230519,alt.atheism
1409,4.9807463,-14.078869,sci.space
1410,-45.6034,5.3199887,alt.atheism
1411,-54.96178,-10.456475,talk.religion.misc
1412,-41.71974,-25.059654,talk.religion.misc
1413,-24.004927,21.924826,alt.atheism
1414,-18.855345,8.66771,talk.religion.misc
1415,50.877552,10.994757,comp.graphics
1416,-43.027798,11.150738,alt.atheism
1417,-48.48585,37.276924,alt.atheism
1418,-35.687508,2.0589032,talk.religion.misc
1419,-35.38856,25.677586,alt.atheism
1420,23.85557,-29.502514,sci.space
1421,-41.940926,31.232933,alt.atheism
1422,-6.761609,0.38556632,talk.religion.misc
1423,9.225293,-29.61549,sci.space
1424,50.017574,-0.6922262,sci.space
1425,-52.295155,2.6632173,alt.atheism
1426,41.61232,30.077883,comp.graphics
1427,-11.582854,1.8099455,alt.atheism
1428,0.62383986,5.2732086,comp.graphics
1429,-29.654673,-0.51030576,alt.atheism
1430,31.272554,32.55779,comp.graphics
1431,-28.903685,5.409662,alt.atheism
1432,38.753857,17.653599,comp.graphics
1433,-61.484562,-14.096668,alt.atheism
1434,6.005319,6.420676,sci.space
1435,19.775396,-3.6364279,sci.space
1436,-30.549564,-0.18239892,talk.religion.misc
1437,-50.46497,-0.08061394,alt.atheism
1438,20.882046,-24.103706,sci.space
1439,19.284912,29.42424,comp.graphics
1440,-44.57816,29.554453,alt.atheism
1441,-34.04882,-2.337769,alt.atheism
1442,-22.827805,-2.4043953,talk.religion.misc
1443,-24.041609,-16.19028,alt.atheism
1444,-36.29951,-3.3831801,talk.religion.misc
1445,3.8682885,-2.2960331,sci.space
1446,-32.70201,-4.5278373,talk.religion.misc
1447,-42.270584,39.229248,alt.atheism
1448,-0.22612502,-44.921795,sci.space
1449,21.689472,15.787367,comp.graphics
1450,26.902681,-30.951313,sci.space
1451,21.564394,-29.462921,sci.space
1452,-18.257076,2.356071,talk.religion.misc
1453,-21.541485,-11.349914,talk.religion.misc
1454,60.60677,15.57041,comp.graphics
1455,-42.573643,12.00712,alt.atheism
1456,13.349775,26.157236,comp.graphics
1457,-48.37302,38.73923,alt.atheism
1458,19.646408,-2.7631147,sci.space
1459,58.713783,17.32067,comp.graphics
1460,11.819208,24.017136,comp.graphics
1461,4.954233,-50.61759,sci.space
1462,-47.148697,28.740858,alt.atheism
1463,3.4809153,-35.082863,sci.space
1464,-36.731747,10.956032,alt.atheism
1465,-40.484436,4.8121386,alt.atheism
1466,16.363277,-54.054337,sci.space
1467,0.6699026,-24.048912,sci.space
1468,38.48982,3.506639,comp.graphics
1469,9.3800335,13.9766445,talk.religion.misc
1470,-21.95869,-3.2096448,talk.religion.misc
1471,44.2733,-1.6257466,comp.graphics
1472,0.9840897,-15.635769,sci.space
1473,-43.349186,-4.930788,talk.religion.misc
1474,-23.89636,-0.53261346,talk.religion.misc
1475,15.354421,-26.393755,sci.space
1476,-36.885902,7.550837,alt.atheism
1477,-46.164547,41.040115,alt.atheism
1478,11.817298,-41.533318,sci.space
1479,-10.421358,2.671808,talk.religion.misc
1480,-47.910408,-17.069204,alt.atheism
1481,8.1531,-37.542557,sci.space
1482,-18.47287,8.689803,talk.religion.misc
1483,8.424414,-53.43882,sci.space
1484,37.014843,6.2549644,comp.graphics
1485,3.439851,9.224091,talk.religion.misc
1486,26.238836,-26.411694,sci.space
1487,33.388912,26.822458,comp.graphics
1488,43.454567,0.14627549,comp.graphics
1489,-43.98071,33.61656,alt.atheism
1490,54.52853,11.0750265,comp.graphics
1491,4.786388,4.6670012,comp.graphics
1492,10.156727,-11.322384,sci.space
1493,19.787558,-38.74453,sci.space
1494,-62.596012,-8.8724985,talk.religion.misc
1495,39.937374,0.6352478,comp.graphics
1496,-45.352173,-1.7111908,alt.atheism
1497,20.38605,21.950686,comp.graphics
1498,-32.82266,8.354963,alt.atheism
1499,45.253235,2.0313396,comp.graphics
1500,-47.614826,4.343492,alt.atheism
1501,-8.00237,6.5801497,alt.atheism
1502,25.231716,-24.708195,sci.space
1503,46.505795,26.3832,comp.graphics
1504,45.511196,2.0343573,comp.graphics
1505,7.0701556,-3.0056338,sci.space
1506,16.62485,-48.794247,sci.space
1507,-48.22208,31.295261,alt.atheism
1508,-3.753803,-1.8898084,talk.religion.misc
1509,-31.05296,11.62301,talk.religion.misc
1510,13.601698,-21.600111,sci.space
1511,-46.910683,4.97439,alt.atheism
1512,10.25484,-6.1543775,sci.space
1513,11.327357,18.20937,comp.graphics
1514,42.643764,33.132774,sci.space
1515,39.416782,7.007597,comp.graphics
1516,4.362369,3.234691,sci.space
1517,21.901232,-34.714504,sci.space
1518,-31.594961,-4.835066,talk.religion.misc
1519,9.992573,-17.147827,sci.space
1520,-45.87749,9.602579,alt.atheism
1521,30.58695,18.195242,comp.graphics
1522,29.71471,31.659328,comp.graphics
1523,-2.65632,-2.1380565,comp.graphics
1524,6.3462987,-13.442501,sci.space
1525,4.261967,22.053505,sci.space
1526,6.3784156,19.968645,comp.graphics
1527,64.65249,9.01071,comp.graphics
1528,-13.936971,-9.0710125,talk.religion.misc
1529,-54.714466,-8.130836,alt.atheism
1530,-26.746881,1.7268698,alt.atheism
1531,35.220028,24.545797,comp.graphics
1532,43.96526,20.889185,comp.graphics
1533,-41.80565,-23.41441,talk.religion.misc
1534,17.194475,-37.75148,sci.space
1535,0.8252173,-23.692097,sci.space
1536,18.744326,-43.40697,sci.space
1537,-45.41104,26.129946,alt.atheism
1538,-58.01385,-7.937258,alt.atheism
1539,60.519833,13.749359,comp.graphics
1540,48.842422,7.70765,comp.graphics
1541,-21.465687,25.080048,alt.atheism
1542,12.5176325,-31.730608,sci.space
1543,-46.005314,-16.13791,alt.atheism
1544,51.55594,6.5638447,comp.graphics
1545,29.00685,33.48846,comp.graphics
1546,-20.77434,-8.821685,talk.religion.misc
1547,32.741383,7.4440207,comp.graphics
1548,-62.257915,-15.449406,alt.atheism
1549,44.14922,12.615315,comp.graphics
1550,1.720312,2.633543,sci.space
1551,39.047546,22.01707,comp.graphics
1552,7.8770027,20.753017,sci.space
1553,-27.282677,13.223076,alt.atheism
1554,15.815725,-23.471344,sci.space
1555,14.564829,0.9270167,sci.space
1556,12.570118,-36.70477,sci.space
1557,-49.94797,30.55339,alt.atheism
1558,-19.488747,9.579895,talk.religion.misc
1559,-43.22084,19.199621,alt.atheism
1560,-34.900314,-14.5056,talk.religion.misc
1561,-1.50178,-45.392467,sci.space
1562,-29.815136,8.678938,talk.religion.misc
1563,23.358109,-29.393137,sci.space
1564,34.8366,32.55725,comp.graphics
1565,-40.894604,20.672039,alt.atheism
1566,-50.208828,8.575738,talk.religion.misc
1567,16.998459,-18.189863,sci.space
1568,-64.87839,-10.352343,alt.atheism
1569,18.786911,-19.253757,sci.space
1570,4.652129,-51.826324,sci.space
1571,-31.328346,0.11420752,alt.atheism
1572,-50.272133,-8.366225,talk.religion.misc
1573,44.931137,26.369736,comp.graphics
1574,-18.226578,34.31234,alt.atheism
1575,39.023746,32.072502,comp.graphics
1576,-47.092323,38.94321,alt.atheism
1577,43.210743,24.87961,comp.graphics
1578,62.426487,13.645963,comp.graphics
1579,-24.157879,8.972691,alt.atheism
1580,29.805494,27.724009,comp.graphics
1581,12.360976,22.590212,comp.graphics
1582,-49.877785,-9.023725,talk.religion.misc
1583,-39.74783,-26.722965,talk.religion.misc
1584,37.870068,5.5201654,comp.graphics
1585,1.8297385,-46.231873,sci.space
1586,17.703176,28.41075,comp.graphics
1587,31.123129,17.020136,comp.graphics
1588,-34.855938,13.911072,talk.religion.misc
1589,28.410343,6.1676254,comp.graphics
1590,3.9299953,-38.02622,sci.space
1591,8.260053,24.586958,comp.graphics
1592,5.1132083,-0.1447315,sci.space
1593,-43.962124,42.542652,alt.atheism
1594,-38.785065,-7.0639153,talk.religion.misc
1595,7.610356,0.6904487,sci.space
1596,-56.977066,-6.3883486,alt.atheism
1597,20.316305,-27.9977,sci.space
1598,44.348553,18.096848,comp.graphics
1599,-44.50396,38.690147,alt.atheism
1600,43.8568,29.839502,comp.graphics
1601,60.995983,18.298058,comp.graphics
1602,7.238056,18.785122,comp.graphics
1603,-48.648113,39.94391,alt.atheism
1604,26.753332,23.635807,comp.graphics
1605,-34.07517,22.115664,alt.atheism
1606,19.730461,-23.123568,sci.space
1607,8.485126,-48.18705,sci.space
1608,63.901665,14.649962,comp.graphics
1609,4.165915,-33.201744,sci.space
1610,-36.66155,14.690093,talk.religion.misc
1611,46.24512,0.302403,comp.graphics
1612,24.001938,12.096632,comp.graphics
1613,-22.04419,-16.28855,talk.religion.misc
1614,36.36952,26.73018,comp.graphics
1615,-49.45186,38.214375,alt.atheism
1616,-8.103341,-0.32617748,talk.religion.misc
1617,-21.700478,28.780695,alt.atheism
1618,12.906823,-39.203526,sci.space
1619,31.532583,-28.326885,sci.space
1620,6.421048,6.2963614,sci.space
1621,-41.03535,11.874555,alt.atheism
1622,-38.272896,10.36849,alt.atheism
1623,-23.741528,1.8509141,alt.atheism
1624,-40.321213,28.569563,alt.atheism
1625,-4.3464804,3.6791961,alt.atheism
1626,17.156502,-47.15559,sci.space
1627,5.5915213,9.711508,talk.religion.misc
1628,54.82242,7.825821,comp.graphics
1629,19.49034,29.980915,comp.graphics
1630,-41.391968,29.415407,alt.atheism
1631,5.1585865,-32.19438,sci.space
1632,-45.649704,-20.221874,alt.atheism
1633,-44.668808,39.40187,alt.atheism
1634,29.679966,16.132204,comp.graphics
1635,-25.17776,-5.2922993,talk.religion.misc
1636,54.56972,15.389809,comp.graphics
1637,-62.87998,-14.3538265,talk.religion.misc
1638,-53.769882,-7.8957577,alt.atheism
1639,-40.543358,20.158772,alt.atheism
1640,-59.54035,-16.489054,talk.religion.misc
1641,1.7249278,0.28962693,alt.atheism
1642,-8.534135,-0.24047332,alt.atheism
1643,17.726162,-53.514984,sci.space
1644,-42.116787,-0.6998486,talk.religion.misc
1645,-58.771076,-11.700016,talk.religion.misc
1646,5.340489,8.455206,sci.space
1647,-22.478083,25.169847,alt.atheism
1648,46.053566,24.238937,comp.graphics
1649,-31.67869,-17.901297,talk.religion.misc
1650,-34.046925,-7.3203344,talk.religion.misc
1651,-34.48493,-14.784689,talk.religion.misc
1652,4.456403,-14.488682,sci.space
1653,-48.81574,7.701262,talk.religion.misc
1654,15.172239,-58.584427,sci.space
1655,37.70545,21.012789,comp.graphics
1656,-19.680552,33.47827,alt.atheism
1657,-51.330025,-3.6453142,alt.atheism
1658,10.211401,-47.731556,sci.space
1659,10.337673,-33.22051,sci.space
1660,28.137917,17.413492,comp.graphics
1661,50.43042,2.0526724,comp.graphics
1662,-48.57609,32.511765,alt.atheism
1663,11.218969,25.187206,comp.graphics
1664,56.40707,3.2726743,comp.graphics
1665,-40.746956,-23.857468,talk.religion.misc
1666,14.481892,-11.179765,sci.space
1667,21.56676,23.498077,sci.space
1668,45.3382,1.4166396,comp.graphics
1669,7.6245093,19.407637,comp.graphics
1670,11.3158655,-51.329525,sci.space
1671,39.952404,23.227022,comp.graphics
1672,13.424103,-39.862682,sci.space
1673,19.078863,9.755027,sci.space
1674,18.793083,13.72869,comp.graphics
1675,40.306385,27.41088,comp.graphics
1676,27.987537,-31.104202,sci.space
1677,30.108978,21.364635,comp.graphics
1678,45.719067,5.895891,comp.graphics
1679,23.800735,0.20403792,sci.space
1680,41.416317,31.920301,comp.graphics
1681,3.7494419,-46.963024,sci.space
1682,29.877636,-23.15221,sci.space
1683,-31.780697,-5.3344054,talk.religion.misc
1684,-4.2384257,-18.672194,sci.space
1685,-46.241707,-19.206013,alt.atheism
1686,14.036136,-56.08039,sci.space
1687,13.854618,-57.832363,sci.space
1688,-44.94329,-16.945646,alt.atheism
1689,1.2979723,-44.739475,sci.space
1690,2.8428075,-51.766747,sci.space
1691,23.11216,-34.115986,sci.space
1692,-14.276524,-8.96785,talk.religion.misc
1693,9.04769,-11.816936,sci.space
1694,6.008185,23.231901,comp.graphics
1695,25.68194,24.803497,comp.graphics
1696,-34.447144,-20.549488,talk.religion.misc
1697,-48.221813,-8.387232,talk.religion.misc
1698,-26.166897,-3.8252861,talk.religion.misc
1699,37.098038,18.21657,comp.graphics
1700,10.36692,27.751034,comp.graphics
1701,-45.26727,1.3305746,alt.atheism
1702,11.306249,-47.380672,sci.space
1703,-23.293526,-0.11352225,alt.atheism
1704,27.69818,29.21096,comp.graphics
1705,33.773243,32.860176,comp.graphics
1706,-3.9019594,6.198186,talk.religion.misc
1707,22.757553,-19.183857,sci.space
1708,28.931572,-29.447857,sci.space
1709,34.817574,16.0085,comp.graphics
1710,23.184496,-30.775501,sci.space
1711,44.292477,27.321918,comp.graphics
1712,23.876133,15.367103,comp.graphics
1713,-43.098248,31.176191,alt.atheism
1714,44.472122,0.39057314,comp.graphics
1715,-1.355181,2.9278347,talk.religion.misc
1716,-19.813099,-1.8377838,talk.religion.misc
1717,22.706898,15.637507,comp.graphics
1718,61.755283,16.42273,comp.graphics
1719,-32.54745,-4.3562264,talk.religion.misc
1720,8.802987,-50.406116,sci.space
1721,-42.47507,36.937508,alt.atheism
1722,-30.93826,8.875663,alt.atheism
1723,65.065056,9.064941,comp.graphics
1724,28.429775,28.653667,comp.graphics
1725,-24.34913,-10.46156,talk.religion.misc
1726,-44.95698,31.657806,talk.religion.misc
1727,-17.906206,-9.784565,talk.religion.misc
1728,49.176434,10.641419,comp.graphics
1729,-36.51176,-18.226868,talk.religion.misc
1730,20.349934,-21.453444,sci.space
1731,3.2707167,-45.592773,sci.space
1732,20.815317,-21.960497,sci.space
1733,65.17823,9.516626,comp.graphics
1734,11.07827,18.197584,talk.religion.misc
1735,-23.677359,-3.7557542,talk.religion.misc
1736,44.513577,31.163126,comp.graphics
1737,42.82024,29.599815,sci.space
1738,10.89273,-21.615198,sci.space
1739,48.240685,11.643919,comp.graphics
1740,43.177616,14.601929,comp.graphics
1741,-42.549374,21.122936,alt.atheism
1742,11.086134,-41.97408,sci.space
1743,10.815563,-48.616196,sci.space
1744,-52.801765,0.5274244,alt.atheism
1745,25.046116,6.0455046,comp.graphics
1746,53.154503,6.029072,alt.atheism
1747,-19.766447,-6.2493105,alt.atheism
1748,16.674107,-35.799225,sci.space
1749,20.535553,24.946177,comp.graphics
1750,3.4042501,6.6820283,sci.space
1751,47.66336,9.714588,comp.graphics
1752,20.761658,16.05015,comp.graphics
1753,1.368502,-41.42552,sci.space
1754,-28.69484,16.534937,alt.atheism
1755,-27.232643,-0.5698618,alt.atheism
1756,-37.073193,-6.824756,talk.religion.misc
1757,31.607433,-26.854551,sci.space
1758,-51.48521,-8.85567,talk.religion.misc
1759,-41.9614,17.702635,alt.atheism
1760,9.62301,-12.878528,sci.space
1761,45.105415,9.836584,comp.graphics
1762,7.066883,20.450098,comp.graphics
1763,12.184829,-41.688988,sci.space
1764,54.954994,19.097315,sci.space
1765,6.4631133,3.378444,comp.graphics
1766,20.670809,16.640753,comp.graphics
1767,-43.50295,32.80376,alt.atheism
1768,56.511868,7.9418497,comp.graphics
1769,-36.555744,23.528255,talk.religion.misc
1770,48.378586,15.042964,comp.graphics
1771,38.826466,5.4834976,comp.graphics
1772,13.590561,22.21493,comp.graphics
1773,30.418373,6.8581715,comp.graphics
1774,-21.984335,-1.8086017,talk.religion.misc
1775,46.04887,12.911817,comp.graphics
1776,-40.237526,-16.369083,talk.religion.misc
1777,11.192338,-45.97741,sci.space
1778,9.4789715,14.685868,comp.graphics
1779,22.613123,10.8501215,comp.graphics
1780,-46.646893,0.17730999,alt.atheism
1781,-33.941734,-21.528996,talk.religion.misc
1782,-19.947475,-0.32735333,talk.religion.misc
1783,-48.60617,-1.5964205,alt.atheism
1784,17.877735,-35.0044,sci.space
1785,-55.25955,-1.7509439,alt.atheism
1786,39.25096,27.780506,comp.graphics
1787,-7.611833,5.677767,alt.atheism
1788,24.179752,0.6000603,comp.graphics
1789,5.506996,3.5315702,comp.graphics
1790,16.482748,-47.74433,sci.space
1791,24.580875,6.105511,comp.graphics
1792,5.7876544,-38.438583,sci.space
1793,36.33294,22.5351,comp.graphics
1794,11.707989,26.027786,comp.graphics
1795,21.84589,11.103307,comp.graphics
1796,12.760473,-21.862633,sci.space
1797,-25.264961,-10.462415,talk.religion.misc
1798,-48.411804,-4.314094,talk.religion.misc
1799,50.835117,21.992418,comp.graphics
1800,4.7268662,22.323433,sci.space
1801,0.054176576,-13.388325,sci.space
1802,-26.368546,-3.67347,talk.religion.misc
1803,64.39742,9.269581,comp.graphics
1804,1.0148708,-24.65658,sci.space
1805,-39.83913,27.114447,talk.religion.misc
1806,-34.981068,-17.76618,talk.religion.misc
1807,37.196144,1.9404744,talk.religion.misc
1808,-36.64364,-5.4207935,alt.atheism
1809,24.875792,-16.63788,sci.space
1810,40.585995,25.141483,comp.graphics
1811,-47.716885,-19.389246,alt.atheism
1812,-0.3549358,-14.951557,sci.space
1813,-46.37524,2.9216833,alt.atheism
1814,46.635147,14.393824,comp.graphics
1815,2.0397193,-30.844276,sci.space
1816,47.47261,-1.2859018,comp.graphics
1817,6.4437084,-37.263157,sci.space
1818,-44.764626,35.382816,alt.atheism
1819,30.7478,17.61685,comp.graphics
1820,-33.37818,-4.2639236,alt.atheism
1821,49.095127,4.158147,sci.space
1822,8.951428,26.83949,comp.graphics
1823,-8.759676,4.39557,alt.atheism
1824,10.745409,-30.763174,sci.space
1825,-56.65224,-8.661771,alt.atheism
1826,46.6852,14.829204,comp.graphics
1827,-37.744637,2.0744002,alt.atheism
1828,11.247702,-3.8506072,sci.space
1829,-24.324905,-2.3403945,talk.religion.misc
1830,26.72123,31.432411,sci.space
1831,8.977003,-15.787281,sci.space
1832,9.325035,20.080185,comp.graphics
1833,12.969643,-37.623657,sci.space
1834,-37.21759,-17.182167,talk.religion.misc
1835,-4.5877023,-3.2159584,comp.graphics
1836,-19.165056,-9.149161,alt.atheism
1837,-43.213303,16.469606,alt.atheism
1838,-36.46493,-17.617853,talk.religion.misc
1839,-25.536768,-10.925693,talk.religion.misc
1840,-41.71347,1.7092594,alt.atheism
1841,52.81009,12.522312,comp.graphics
1842,38.436237,19.454315,comp.graphics
1843,28.005306,5.564425,comp.graphics
1844,44.57627,4.12755,comp.graphics
1845,-64.52952,-5.2460604,alt.atheism
1846,53.339535,12.595047,comp.graphics
1847,-38.59933,0.9635316,talk.religion.misc
1848,-18.505232,-7.817517,talk.religion.misc
1849,0.45596004,-14.681911,sci.space
1850,7.814773,22.960009,comp.graphics
1851,1.5393896,-3.2947342,talk.religion.misc
1852,18.191385,21.413809,sci.space
1853,-22.436007,8.207096,talk.religion.misc
1854,3.616585,-45.1487,sci.space
1855,-47.85678,-1.7567259,alt.atheism
1856,-33.55066,-14.979604,talk.religion.misc
1857,0.73886603,-15.866757,sci.space
1858,56.982616,5.263294,comp.graphics
1859,-43.02153,-24.52785,talk.religion.misc
1860,3.7645924,2.6707258,sci.space
1861,31.01775,21.442734,comp.graphics
1862,-33.930958,-17.276396,talk.religion.misc
1863,-43.58369,-0.7719297,alt.atheism
1864,-8.706632,3.8287442,talk.religion.misc
1865,-21.456167,25.025606,alt.atheism
1866,-62.917225,-6.9735856,alt.atheism
1867,20.51896,-24.723175,sci.space
1868,-46.719254,40.410507,alt.atheism
1869,7.78019,-18.855814,sci.space
1870,2.6598935,-29.086906,sci.space
1871,4.475759,5.377132,comp.graphics
1872,-45.93326,43.55867,alt.atheism
1873,0.088774174,-40.555267,sci.space
1874,-44.394947,40.71258,alt.atheism
1875,3.5110917,-38.73459,sci.space
1876,44.40641,28.005695,comp.graphics
1877,38.657368,24.841711,comp.graphics
1878,45.873936,21.82018,comp.graphics
1879,-43.526573,-10.504693,alt.atheism
1880,12.732313,-24.67893,sci.space
1881,27.406563,31.53271,comp.graphics
1882,5.1529613,-36.90189,sci.space
1883,-65.88903,-9.270292,alt.atheism
1884,-34.799374,-21.15595,talk.religion.misc
1885,-35.17126,25.800106,alt.atheism
1886,8.096,-29.284239,sci.space
1887,62.746796,15.376654,comp.graphics
1888,24.370113,9.661436,comp.graphics
1889,2.4999018,-11.971462,sci.space
1890,-33.414116,-5.650192,talk.religion.misc
1891,13.991322,-13.214185,sci.space
1892,40.77892,15.802868,comp.graphics
1893,45.5714,25.611704,comp.graphics
1894,-3.690828,-4.7206793,comp.graphics
1895,-19.012693,34.027866,alt.atheism
1896,-41.93748,-17.627481,talk.religion.misc
1897,2.2283938,-12.00777,sci.space
1898,18.120344,19.789942,comp.graphics
1899,24.67621,-25.919851,sci.space
1900,-40.587875,9.219867,alt.atheism
1901,17.011375,-36.4753,sci.space
1902,45.745193,15.104966,comp.graphics
1903,-52.236385,-3.0288205,alt.atheism
1904,31.904478,-27.158173,sci.space
1905,25.195127,9.963175,comp.graphics
1906,-59.51863,-7.536033,alt.atheism
1907,6.891984,4.394921,comp.graphics
1908,-30.113415,14.278196,talk.religion.misc
1909,19.596098,-1.8784599,comp.graphics
1910,23.571524,-27.418308,sci.space
1911,18.084438,-0.2705604,sci.space
1912,27.5147,29.838089,comp.graphics
1913,18.832832,-33.539806,sci.space
1914,-36.14464,-21.21857,talk.religion.misc
1915,11.073219,-39.59743,sci.space
1916,-49.693783,9.144918,talk.religion.misc
1917,7.5746183,-0.13346821,sci.space
1918,-5.108979,2.962785,talk.religion.misc
1919,-3.5993876,-19.167578,sci.space
1920,-45.383625,-1.1917156,alt.atheism
1921,-36.40261,1.2899286,alt.atheism
1922,-24.682108,-14.578248,alt.atheism
1923,15.812185,-30.610231,sci.space
1924,-54.38437,2.9399848,talk.religion.misc
1925,17.773241,-48.11174,sci.space
1926,6.099617,-35.93849,sci.space
1927,4.9611354,-3.8776603,sci.space
1928,14.419851,-35.935192,sci.space
1929,38.329956,20.29624,comp.graphics
1930,24.84775,10.608017,comp.graphics
1931,19.369255,-25.879223,sci.space
1932,24.541834,-29.09273,sci.space
1933,31.738144,17.734015,comp.graphics
1934,-45.71307,31.517904,alt.atheism
1935,16.4283,-55.935825,sci.space
1936,60.59119,19.431946,comp.graphics
1937,8.469103,-30.311396,sci.space
1938,62.338264,16.68359,comp.graphics
1939,54.46261,16.435944,comp.graphics
1940,0.08341099,3.2869186,talk.religion.misc
1941,-44.259396,3.4521496,alt.atheism
1942,6.1746325,-47.093517,sci.space
1943,7.220226,-28.93951,sci.space
1944,-38.46672,20.856577,alt.atheism
1945,22.239824,-17.324413,sci.space
1946,28.55632,-30.202686,sci.space
1947,-35.54341,3.9858117,alt.atheism
1948,-54.044968,-10.861953,talk.religion.misc
1949,24.815767,5.356357,comp.graphics
1950,9.331043,-54.333527,sci.space
1951,-29.576324,13.095869,talk.religion.misc
1952,-30.889956,-5.4318705,talk.religion.misc
1953,3.89553,-50.58702,sci.space
1954,7.8397665,-51.037506,sci.space
1955,-39.344173,38.67626,alt.atheism
1956,-54.083466,8.217984,alt.atheism
1957,56.338432,13.832644,comp.graphics
1958,-21.489412,-4.6869273,talk.religion.misc
1959,8.854238,-30.526484,sci.space
1960,38.841324,0.640756,comp.graphics
1961,42.940178,-1.1073513,comp.graphics
1962,-38.0301,-19.689577,talk.religion.misc
1963,22.635185,-18.921988,sci.space
1964,-35.073765,20.136963,alt.atheism
1965,25.595127,-25.641022,sci.space
1966,-33.955826,21.986988,alt.atheism
1967,35.579628,28.80536,sci.space
1968,15.451857,-55.8939,sci.space
1969,36.851547,4.7579184,comp.graphics
1970,46.4821,23.125156,comp.graphics
1971,-23.457037,-1.8803946,talk.religion.misc
1972,-47.30046,30.016272,alt.atheism
1973,23.568256,-26.439865,sci.space
1974,5.9195876,8.726346,sci.space
1975,-56.45108,-3.334855,alt.atheism
1976,-23.855278,1.4589777,talk.religion.misc
1977,-28.14543,15.159262,talk.religion.misc
1978,-34.6231,-13.928785,talk.religion.misc
1979,-25.081285,21.763515,talk.religion.misc
1980,-22.17882,-16.285076,talk.religion.misc
1981,-39.899498,-20.335667,talk.religion.misc
1982,-25.138308,-15.071215,alt.atheism
1983,-18.288754,35.637096,alt.atheism
1984,-51.153053,-10.6419525,talk.religion.misc
1985,14.619373,-51.85196,sci.space
1986,-47.745865,38.11157,alt.atheism
1987,-26.366522,-15.993772,alt.atheism
1988,6.3520923,-51.336006,sci.space
1989,-43.977795,-3.019506,talk.religion.misc
1990,-58.637253,-15.587045,talk.religion.misc
1991,-31.804653,10.725566,talk.religion.misc
1992,-47.53387,2.1323488,alt.atheism
1993,-63.917664,-9.360646,alt.atheism
1994,-53.15673,6.4626393,alt.atheism
1995,14.975222,23.604763,comp.graphics
1996,12.178634,24.558985,comp.graphics
1997,57.533554,18.836752,comp.graphics
1998,-45.170662,8.24407,alt.atheism
1999,-33.8168,11.215203,alt.atheism
2000,-45.238956,41.83954,alt.atheism
2001,48.503624,6.5291533,comp.graphics
2002,2.0311239,-43.061478,sci.space
2003,5.058656,-42.222095,sci.space
2004,-32.137123,-1.7156599,alt.atheism
2005,62.23472,11.671718,comp.graphics
2006,11.655551,-2.9144597,sci.space
2007,-54.19394,-1.5889806,alt.atheism
2008,43.838303,-1.5043167,comp.graphics
2009,-34.814064,11.423932,alt.atheism
2010,0.09617816,-44.109646,sci.space
2011,-44.927635,-7.150218,talk.religion.misc
2012,-39.492302,-24.134335,talk.religion.misc
2013,9.652043,-45.268585,sci.space
2014,-41.79469,-4.0849814,talk.religion.misc
2015,-38.518585,34.1552,alt.atheism
2016,-45.922344,4.9191213,alt.atheism
2017,42.64984,28.617855,sci.space
2018,12.060583,21.39967,comp.graphics
2019,15.577656,-50.97203,sci.space
2020,53.95619,15.644074,comp.graphics
2021,-52.41548,-4.403159,alt.atheism
2022,-7.1957893,7.1914334,alt.atheism
2023,3.816871,-16.3607,sci.space
2024,35.20299,3.0542684,sci.space
2025,-52.060154,2.3071244,alt.atheism
2026,-10.32446,-7.877939,alt.atheism
2027,9.605367,-6.4987774,sci.space
2028,58.239803,13.405564,comp.graphics
2029,21.567518,-4.51815,sci.space
2030,14.766399,-54.15075,sci.space
2031,31.742846,22.650015,comp.graphics
2032,-45.81775,16.215784,alt.atheism
2033,46.188908,1.6246313,comp.graphics
